time,calories
00:00:00,1.1196999549865723
00:01:00,1.1196999549865723
00:02:00,1.1196999549865723
00:03:00,1.1196999549865723
00:04:00,1.1196999549865723
00:05:00,1.1196999549865723
00:06:00,1.1196999549865723
00:07:00,1.1196999549865723
00:08:00,1.1196999549865723
00:09:00,1.1196999549865723
00:10:00,1.1196999549865723
00:11:00,1.1196999549865723
00:12:00,1.1196999549865723
00:13:00,1.1196999549865723
00:14:00,1.1196999549865723
00:15:00,1.1196999549865723
00:16:00,1.1196999549865723
00:17:00,1.1196999549865723
00:18:00,1.1196999549865723
00:19:00,1.1196999549865723
00:20:00,1.1196999549865723
00:21:00,1.1196999549865723
00:22:00,1.4556100368499756
00:23:00,1.1196999549865723
00:24:00,1.1196999549865723
00:25:00,1.1196999549865723
00:26:00,1.1196999549865723
00:27:00,1.1196999549865723
00:28:00,1.1196999549865723
00:29:00,1.1196999549865723
00:30:00,1.1196999549865723
00:31:00,1.1196999549865723
00:32:00,1.1196999549865723
00:33:00,1.1196999549865723
00:34:00,1.1196999549865723
00:35:00,1.1196999549865723
00:36:00,1.1196999549865723
00:37:00,1.1196999549865723
00:38:00,1.1196999549865723
00:39:00,1.1196999549865723
00:40:00,1.1196999549865723
00:41:00,1.1196999549865723
00:42:00,1.1196999549865723
00:43:00,1.1196999549865723
00:44:00,1.1196999549865723
00:45:00,1.1196999549865723
00:46:00,1.1196999549865723
00:47:00,1.1196999549865723
00:48:00,1.1196999549865723
00:49:00,1.1196999549865723
00:50:00,1.1196999549865723
00:51:00,1.1196999549865723
00:52:00,1.1196999549865723
00:53:00,1.1196999549865723
00:54:00,1.1196999549865723
00:55:00,1.1196999549865723
00:56:00,1.1196999549865723
00:57:00,1.1196999549865723
00:58:00,1.1196999549865723
00:59:00,1.1196999549865723
01:00:00,1.1196999549865723
01:01:00,1.1196999549865723
01:02:00,1.1196999549865723
01:03:00,1.1196999549865723
01:04:00,1.1196999549865723
01:05:00,1.1196999549865723
01:06:00,1.1196999549865723
01:07:00,1.1196999549865723
01:08:00,1.1196999549865723
01:09:00,1.1196999549865723
01:10:00,1.1196999549865723
01:11:00,1.1196999549865723
01:12:00,1.1196999549865723
01:13:00,1.1196999549865723
01:14:00,1.1196999549865723
01:15:00,1.1196999549865723
01:16:00,1.1196999549865723
01:17:00,1.1196999549865723
01:18:00,1.1196999549865723
01:19:00,1.1196999549865723
01:20:00,1.1196999549865723
01:21:00,1.1196999549865723
01:22:00,1.1196999549865723
01:23:00,1.1196999549865723
01:24:00,1.1196999549865723
01:25:00,1.1196999549865723
01:26:00,1.1196999549865723
01:27:00,1.1196999549865723
01:28:00,1.1196999549865723
01:29:00,1.1196999549865723
01:30:00,1.1196999549865723
01:31:00,1.1196999549865723
01:32:00,1.1196999549865723
01:33:00,1.1196999549865723
01:34:00,1.1196999549865723
01:35:00,1.1196999549865723
01:36:00,1.1196999549865723
01:37:00,1.1196999549865723
01:38:00,1.1196999549865723
01:39:00,1.2316700220108032
01:40:00,1.1196999549865723
01:41:00,1.1196999549865723
01:42:00,1.1196999549865723
01:43:00,1.1196999549865723
01:44:00,1.1196999549865723
01:45:00,1.1196999549865723
01:46:00,1.1196999549865723
01:47:00,1.1196999549865723
01:48:00,1.1196999549865723
01:49:00,1.1196999549865723
01:50:00,1.1196999549865723
01:51:00,1.1196999549865723
01:52:00,1.1196999549865723
01:53:00,1.1196999549865723
01:54:00,1.1196999549865723
01:55:00,1.1196999549865723
01:56:00,1.1196999549865723
01:57:00,1.1196999549865723
01:58:00,1.2316700220108032
01:59:00,1.2316700220108032
02:00:00,2.6872799396514893
02:01:00,1.1196999549865723
02:02:00,1.1196999549865723
02:03:00,1.1196999549865723
02:04:00,1.1196999549865723
02:05:00,1.1196999549865723
02:06:00,1.1196999549865723
02:07:00,1.1196999549865723
02:08:00,1.1196999549865723
02:09:00,1.1196999549865723
02:10:00,1.1196999549865723
02:11:00,1.1196999549865723
02:12:00,1.1196999549865723
02:13:00,1.1196999549865723
02:14:00,1.1196999549865723
02:15:00,1.1196999549865723
02:16:00,1.1196999549865723
02:17:00,1.1196999549865723
02:18:00,1.1196999549865723
02:19:00,1.1196999549865723
02:20:00,1.1196999549865723
02:21:00,1.1196999549865723
02:22:00,1.1196999549865723
02:23:00,1.1196999549865723
02:24:00,1.1196999549865723
02:25:00,1.1196999549865723
02:26:00,1.1196999549865723
02:27:00,1.1196999549865723
02:28:00,1.1196999549865723
02:29:00,1.1196999549865723
02:30:00,1.1196999549865723
02:31:00,1.1196999549865723
02:32:00,1.1196999549865723
02:33:00,1.1196999549865723
02:34:00,1.1196999549865723
02:35:00,1.1196999549865723
02:36:00,1.1196999549865723
02:37:00,1.1196999549865723
02:38:00,1.2316700220108032
02:39:00,1.1196999549865723
02:40:00,1.1196999549865723
02:41:00,1.2316700220108032
02:42:00,1.2316700220108032
02:43:00,1.1196999549865723
02:44:00,1.1196999549865723
02:45:00,1.1196999549865723
02:46:00,1.1196999549865723
02:47:00,1.2316700220108032
02:48:00,1.1196999549865723
02:49:00,1.1196999549865723
02:50:00,1.1196999549865723
02:51:00,1.1196999549865723
02:52:00,1.1196999549865723
02:53:00,1.1196999549865723
02:54:00,1.1196999549865723
02:55:00,1.1196999549865723
02:56:00,1.1196999549865723
02:57:00,1.1196999549865723
02:58:00,1.1196999549865723
02:59:00,1.1196999549865723
03:00:00,1.1196999549865723
03:01:00,1.1196999549865723
03:02:00,1.1196999549865723
03:03:00,1.1196999549865723
03:04:00,1.1196999549865723
03:05:00,1.1196999549865723
03:06:00,1.1196999549865723
03:07:00,1.1196999549865723
03:08:00,1.1196999549865723
03:09:00,1.1196999549865723
03:10:00,1.1196999549865723
03:11:00,1.1196999549865723
03:12:00,1.1196999549865723
03:13:00,1.1196999549865723
03:14:00,1.1196999549865723
03:15:00,1.1196999549865723
03:16:00,1.1196999549865723
03:17:00,1.1196999549865723
03:18:00,1.1196999549865723
03:19:00,1.2316700220108032
03:20:00,1.1196999549865723
03:21:00,1.1196999549865723
03:22:00,1.1196999549865723
03:23:00,1.1196999549865723
03:24:00,1.1196999549865723
03:25:00,1.1196999549865723
03:26:00,1.1196999549865723
03:27:00,1.1196999549865723
03:28:00,1.1196999549865723
03:29:00,1.1196999549865723
03:30:00,1.1196999549865723
03:31:00,1.1196999549865723
03:32:00,1.1196999549865723
03:33:00,1.1196999549865723
03:34:00,1.1196999549865723
03:35:00,1.1196999549865723
03:36:00,1.1196999549865723
03:37:00,1.1196999549865723
03:38:00,1.1196999549865723
03:39:00,1.1196999549865723
03:40:00,1.1196999549865723
03:41:00,1.1196999549865723
03:42:00,1.1196999549865723
03:43:00,1.1196999549865723
03:44:00,1.1196999549865723
03:45:00,1.1196999549865723
03:46:00,1.1196999549865723
03:47:00,1.1196999549865723
03:48:00,1.1196999549865723
03:49:00,1.1196999549865723
03:50:00,1.1196999549865723
03:51:00,1.1196999549865723
03:52:00,1.1196999549865723
03:53:00,1.1196999549865723
03:54:00,1.1196999549865723
03:55:00,1.1196999549865723
03:56:00,1.1196999549865723
03:57:00,1.1196999549865723
03:58:00,1.1196999549865723
03:59:00,1.1196999549865723
04:00:00,1.1196999549865723
04:01:00,1.1196999549865723
04:02:00,1.1196999549865723
04:03:00,1.1196999549865723
04:04:00,1.2316700220108032
04:05:00,1.1196999549865723
04:06:00,1.1196999549865723
04:07:00,1.2316700220108032
04:08:00,1.1196999549865723
04:09:00,1.1196999549865723
04:10:00,1.1196999549865723
04:11:00,1.1196999549865723
04:12:00,1.1196999549865723
04:13:00,1.1196999549865723
04:14:00,1.1196999549865723
04:15:00,1.1196999549865723
04:16:00,1.1196999549865723
04:17:00,1.1196999549865723
04:18:00,1.1196999549865723
04:19:00,1.1196999549865723
04:20:00,1.1196999549865723
04:21:00,1.1196999549865723
04:22:00,1.1196999549865723
04:23:00,1.1196999549865723
04:24:00,1.1196999549865723
04:25:00,1.1196999549865723
04:26:00,1.1196999549865723
04:27:00,1.1196999549865723
04:28:00,1.1196999549865723
04:29:00,1.1196999549865723
04:30:00,1.1196999549865723
04:31:00,1.1196999549865723
04:32:00,1.1196999549865723
04:33:00,1.1196999549865723
04:34:00,1.2316700220108032
04:35:00,2.911220073699951
04:36:00,1.1196999549865723
04:37:00,1.1196999549865723
04:38:00,1.1196999549865723
04:39:00,1.1196999549865723
04:40:00,1.1196999549865723
04:41:00,1.1196999549865723
04:42:00,1.1196999549865723
04:43:00,1.1196999549865723
04:44:00,1.1196999549865723
04:45:00,1.1196999549865723
04:46:00,1.1196999549865723
04:47:00,1.1196999549865723
04:48:00,1.1196999549865723
04:49:00,1.1196999549865723
04:50:00,1.1196999549865723
04:51:00,1.1196999549865723
04:52:00,1.1196999549865723
04:53:00,1.1196999549865723
04:54:00,1.1196999549865723
04:55:00,1.1196999549865723
04:56:00,1.1196999549865723
04:57:00,1.2316700220108032
04:58:00,1.1196999549865723
04:59:00,1.1196999549865723
05:00:00,1.1196999549865723
05:01:00,1.1196999549865723
05:02:00,1.1196999549865723
05:03:00,1.1196999549865723
05:04:00,1.1196999549865723
05:05:00,1.1196999549865723
05:06:00,1.1196999549865723
05:07:00,1.1196999549865723
05:08:00,1.1196999549865723
05:09:00,1.1196999549865723
05:10:00,1.1196999549865723
05:11:00,1.1196999549865723
05:12:00,1.1196999549865723
05:13:00,1.1196999549865723
05:14:00,1.1196999549865723
05:15:00,1.1196999549865723
05:16:00,1.1196999549865723
05:17:00,1.1196999549865723
05:18:00,1.1196999549865723
05:19:00,1.1196999549865723
05:20:00,1.1196999549865723
05:21:00,1.1196999549865723
05:22:00,1.1196999549865723
05:23:00,1.1196999549865723
05:24:00,1.1196999549865723
05:25:00,1.1196999549865723
05:26:00,1.1196999549865723
05:27:00,1.1196999549865723
05:28:00,1.1196999549865723
05:29:00,1.1196999549865723
05:30:00,1.1196999549865723
05:31:00,1.1196999549865723
05:32:00,1.1196999549865723
05:33:00,1.1196999549865723
05:34:00,1.1196999549865723
05:35:00,1.1196999549865723
05:36:00,1.2316700220108032
05:37:00,1.1196999549865723
05:38:00,1.1196999549865723
05:39:00,1.1196999549865723
05:40:00,1.1196999549865723
05:41:00,1.1196999549865723
05:42:00,1.1196999549865723
05:43:00,1.1196999549865723
05:44:00,1.1196999549865723
05:45:00,1.1196999549865723
05:46:00,1.1196999549865723
05:47:00,1.1196999549865723
05:48:00,1.1196999549865723
05:49:00,1.1196999549865723
05:50:00,1.1196999549865723
05:51:00,1.1196999549865723
05:52:00,1.1196999549865723
05:53:00,1.1196999549865723
05:54:00,1.1196999549865723
05:55:00,1.1196999549865723
05:56:00,1.1196999549865723
05:57:00,1.1196999549865723
05:58:00,1.1196999549865723
05:59:00,1.1196999549865723
06:00:00,1.1196999549865723
06:01:00,1.1196999549865723
06:02:00,1.1196999549865723
06:03:00,1.1196999549865723
06:04:00,1.1196999549865723
06:05:00,1.1196999549865723
06:06:00,1.1196999549865723
06:07:00,1.2316700220108032
06:08:00,1.1196999549865723
06:09:00,1.1196999549865723
06:10:00,1.1196999549865723
06:11:00,1.1196999549865723
06:12:00,1.1196999549865723
06:13:00,1.1196999549865723
06:14:00,1.1196999549865723
06:15:00,1.1196999549865723
06:16:00,1.1196999549865723
06:17:00,1.1196999549865723
06:18:00,1.1196999549865723
06:19:00,1.1196999549865723
06:20:00,1.1196999549865723
06:21:00,1.1196999549865723
06:22:00,1.2316700220108032
06:23:00,1.1196999549865723
06:24:00,1.1196999549865723
06:25:00,1.1196999549865723
06:26:00,1.1196999549865723
06:27:00,1.1196999549865723
06:28:00,1.1196999549865723
06:29:00,1.1196999549865723
06:30:00,1.1196999549865723
06:31:00,1.2316700220108032
06:32:00,1.1196999549865723
06:33:00,1.1196999549865723
06:34:00,1.2316700220108032
06:35:00,1.1196999549865723
06:36:00,1.1196999549865723
06:37:00,1.1196999549865723
06:38:00,1.1196999549865723
06:39:00,1.1196999549865723
06:40:00,1.1196999549865723
06:41:00,1.1196999549865723
06:42:00,1.1196999549865723
06:43:00,1.1196999549865723
06:44:00,1.1196999549865723
06:45:00,1.1196999549865723
06:46:00,1.1196999549865723
06:47:00,1.2316700220108032
06:48:00,1.1196999549865723
06:49:00,1.1196999549865723
06:50:00,1.1196999549865723
06:51:00,1.1196999549865723
06:52:00,1.1196999549865723
06:53:00,1.1196999549865723
06:54:00,1.1196999549865723
06:55:00,1.2316700220108032
06:56:00,1.1196999549865723
06:57:00,1.1196999549865723
06:58:00,1.1196999549865723
06:59:00,1.1196999549865723
07:00:00,1.1196999549865723
07:01:00,1.1196999549865723
07:02:00,1.1196999549865723
07:03:00,1.1196999549865723
07:04:00,1.1196999549865723
07:05:00,1.1196999549865723
07:06:00,1.1196999549865723
07:07:00,1.1196999549865723
07:08:00,1.1196999549865723
07:09:00,1.1196999549865723
07:10:00,1.1196999549865723
07:11:00,1.1196999549865723
07:12:00,1.1196999549865723
07:13:00,1.1196999549865723
07:14:00,1.1196999549865723
07:15:00,1.1196999549865723
07:16:00,1.1196999549865723
07:17:00,1.1196999549865723
07:18:00,1.1196999549865723
07:19:00,1.1196999549865723
07:20:00,1.1196999549865723
07:21:00,1.1196999549865723
07:22:00,1.1196999549865723
07:23:00,1.1196999549865723
07:24:00,1.1196999549865723
07:25:00,1.1196999549865723
07:26:00,1.1196999549865723
07:27:00,1.1196999549865723
07:28:00,1.1196999549865723
07:29:00,1.1196999549865723
07:30:00,1.1196999549865723
07:31:00,1.1196999549865723
07:32:00,1.1196999549865723
07:33:00,1.1196999549865723
07:34:00,1.1196999549865723
07:35:00,1.1196999549865723
07:36:00,1.1196999549865723
07:37:00,1.1196999549865723
07:38:00,1.1196999549865723
07:39:00,1.1196999549865723
07:40:00,1.1196999549865723
07:41:00,1.1196999549865723
07:42:00,1.1196999549865723
07:43:00,1.2316700220108032
07:44:00,1.1196999549865723
07:45:00,1.1196999549865723
07:46:00,1.1196999549865723
07:47:00,1.1196999549865723
07:48:00,1.1196999549865723
07:49:00,1.1196999549865723
07:50:00,1.1196999549865723
07:51:00,1.1196999549865723
07:52:00,1.1196999549865723
07:53:00,1.1196999549865723
07:54:00,1.1196999549865723
07:55:00,1.1196999549865723
07:56:00,1.1196999549865723
07:57:00,1.1196999549865723
07:58:00,1.1196999549865723
07:59:00,1.1196999549865723
08:00:00,1.1196999549865723
08:01:00,1.1196999549865723
08:02:00,1.1196999549865723
08:03:00,1.1196999549865723
08:04:00,1.1196999549865723
08:05:00,1.1196999549865723
08:06:00,1.1196999549865723
08:07:00,1.1196999549865723
08:08:00,1.1196999549865723
08:09:00,1.1196999549865723
08:10:00,1.1196999549865723
08:11:00,1.2316700220108032
08:12:00,1.1196999549865723
08:13:00,1.1196999549865723
08:14:00,1.1196999549865723
08:15:00,1.1196999549865723
08:16:00,1.1196999549865723
08:17:00,1.2316700220108032
08:18:00,1.3436399698257446
08:19:00,1.4556100368499756
08:20:00,1.1196999549865723
08:21:00,1.1196999549865723
08:22:00,1.1196999549865723
08:23:00,1.1196999549865723
08:24:00,1.1196999549865723
08:25:00,1.1196999549865723
08:26:00,1.1196999549865723
08:27:00,1.1196999549865723
08:28:00,1.1196999549865723
08:29:00,1.1196999549865723
08:30:00,1.1196999549865723
08:31:00,1.2316700220108032
08:32:00,1.1196999549865723
08:33:00,1.1196999549865723
08:34:00,1.1196999549865723
08:35:00,1.1196999549865723
08:36:00,1.1196999549865723
08:37:00,1.2316700220108032
08:38:00,1.1196999549865723
08:39:00,1.2316700220108032
08:40:00,1.2316700220108032
08:41:00,1.1196999549865723
08:42:00,2.6872799396514893
08:43:00,3.135159969329834
08:44:00,3.359100103378296
08:45:00,2.911220073699951
08:46:00,1.2316700220108032
08:47:00,1.2316700220108032
08:48:00,1.2316700220108032
08:49:00,1.2316700220108032
08:50:00,1.1196999549865723
08:51:00,1.2316700220108032
08:52:00,1.2316700220108032
08:53:00,1.2316700220108032
08:54:00,1.2316700220108032
08:55:00,3.5830399990081787
08:56:00,2.911220073699951
08:57:00,3.8069798946380615
08:58:00,3.4710700511932373
08:59:00,1.4556100368499756
09:00:00,1.2316700220108032
09:01:00,1.3436399698257446
09:02:00,1.2316700220108032
09:03:00,1.1196999549865723
09:04:00,1.1196999549865723
09:05:00,1.2316700220108032
09:06:00,1.2316700220108032
09:07:00,1.1196999549865723
09:08:00,1.1196999549865723
09:09:00,1.1196999549865723
09:10:00,1.1196999549865723
09:11:00,1.1196999549865723
09:12:00,1.1196999549865723
09:13:00,1.2316700220108032
09:14:00,1.2316700220108032
09:15:00,1.1196999549865723
09:16:00,1.2316700220108032
09:17:00,1.2316700220108032
09:18:00,1.2316700220108032
09:19:00,1.2316700220108032
09:20:00,1.1196999549865723
09:21:00,1.1196999549865723
09:22:00,1.1196999549865723
09:23:00,1.2316700220108032
09:24:00,1.1196999549865723
09:25:00,1.2316700220108032
09:26:00,1.2316700220108032
09:27:00,1.2316700220108032
09:28:00,2.911220073699951
09:29:00,2.911220073699951
09:30:00,3.135159969329834
09:31:00,3.359100103378296
09:32:00,1.4556100368499756
09:33:00,1.4556100368499756
09:34:00,1.4556100368499756
09:35:00,1.4556100368499756
09:36:00,1.2316700220108032
09:37:00,1.2316700220108032
09:38:00,2.6872799396514893
09:39:00,1.1196999549865723
09:40:00,1.2316700220108032
09:41:00,1.1196999549865723
09:42:00,1.2316700220108032
09:43:00,1.2316700220108032
09:44:00,1.4556100368499756
09:45:00,1.3436399698257446
09:46:00,1.2316700220108032
09:47:00,1.2316700220108032
09:48:00,1.4556100368499756
09:49:00,1.1196999549865723
09:50:00,3.135159969329834
09:51:00,1.4556100368499756
09:52:00,2.6872799396514893
09:53:00,3.359100103378296
09:54:00,1.4556100368499756
09:55:00,1.1196999549865723
09:56:00,1.2316700220108032
09:57:00,1.2316700220108032
09:58:00,1.2316700220108032
09:59:00,1.1196999549865723
10:00:00,1.1196999549865723
10:01:00,1.1196999549865723
10:02:00,1.2316700220108032
10:03:00,1.1196999549865723
10:04:00,1.2316700220108032
10:05:00,1.2316700220108032
10:06:00,1.1196999549865723
10:07:00,1.1196999549865723
10:08:00,1.2316700220108032
10:09:00,1.2316700220108032
10:10:00,1.2316700220108032
10:11:00,1.2316700220108032
10:12:00,1.2316700220108032
10:13:00,1.1196999549865723
10:14:00,1.1196999549865723
10:15:00,1.2316700220108032
10:16:00,1.1196999549865723
10:17:00,1.2316700220108032
10:18:00,1.2316700220108032
10:19:00,3.8069798946380615
10:20:00,1.4556100368499756
10:21:00,2.6872799396514893
10:22:00,1.2316700220108032
10:23:00,1.1196999549865723
10:24:00,1.1196999549865723
10:25:00,1.1196999549865723
10:26:00,1.1196999549865723
10:27:00,1.1196999549865723
10:28:00,1.2316700220108032
10:29:00,1.1196999549865723
10:30:00,1.1196999549865723
10:31:00,1.2316700220108032
10:32:00,1.2316700220108032
10:33:00,1.2316700220108032
10:34:00,1.2316700220108032
10:35:00,1.2316700220108032
10:36:00,1.1196999549865723
10:37:00,1.2316700220108032
10:38:00,3.135159969329834
10:39:00,1.2316700220108032
10:40:00,1.2316700220108032
10:41:00,2.911220073699951
10:42:00,5.3745598793029785
10:43:00,4.70274019241333
10:44:00,5.822440147399902
10:45:00,4.926680088043213
10:46:00,5.3745598793029785
10:47:00,5.262589931488037
10:48:00,2.911220073699951
10:49:00,1.2316700220108032
10:50:00,4.366829872131348
10:51:00,4.254859924316406
10:52:00,1.4556100368499756
10:53:00,4.478799819946289
10:54:00,5.822440147399902
10:55:00,5.598499774932861
10:56:00,5.598499774932861
10:57:00,1.1196999549865723
10:58:00,1.1196999549865723
10:59:00,1.1196999549865723
11:00:00,1.1196999549865723
11:01:00,1.1196999549865723
11:02:00,6.046380043029785
11:03:00,5.598499774932861
11:04:00,1.1196999549865723
11:05:00,1.1196999549865723
11:06:00,1.1196999549865723
11:07:00,1.1196999549865723
11:08:00,1.1196999549865723
11:09:00,1.1196999549865723
11:10:00,1.1196999549865723
11:11:00,1.1196999549865723
11:12:00,1.1196999549865723
11:13:00,1.1196999549865723
11:14:00,1.1196999549865723
11:15:00,1.1196999549865723
11:16:00,1.1196999549865723
11:17:00,1.1196999549865723
11:18:00,1.1196999549865723
11:19:00,1.1196999549865723
11:20:00,1.1196999549865723
11:21:00,1.1196999549865723
11:22:00,1.1196999549865723
11:23:00,1.1196999549865723
11:24:00,1.1196999549865723
11:25:00,1.1196999549865723
11:26:00,1.1196999549865723
11:27:00,1.1196999549865723
11:28:00,1.1196999549865723
11:29:00,1.1196999549865723
11:30:00,1.1196999549865723
11:31:00,1.1196999549865723
11:32:00,1.1196999549865723
11:33:00,1.1196999549865723
11:34:00,1.1196999549865723
11:35:00,1.1196999549865723
11:36:00,1.1196999549865723
11:37:00,1.1196999549865723
11:38:00,1.1196999549865723
11:39:00,1.1196999549865723
11:40:00,1.1196999549865723
11:41:00,1.1196999549865723
11:42:00,4.030920028686523
11:43:00,4.478799819946289
11:44:00,4.254859924316406
11:45:00,3.359100103378296
11:46:00,3.359100103378296
11:47:00,1.2316700220108032
11:48:00,1.2316700220108032
11:49:00,1.2316700220108032
11:50:00,1.2316700220108032
11:51:00,1.2316700220108032
11:52:00,2.911220073699951
11:53:00,1.2316700220108032
11:54:00,1.2316700220108032
11:55:00,2.911220073699951
11:56:00,1.2316700220108032
11:57:00,1.1196999549865723
11:58:00,1.1196999549865723
11:59:00,1.2316700220108032
12:00:00,1.2316700220108032
12:01:00,1.2316700220108032
12:02:00,1.4556100368499756
12:03:00,2.6872799396514893
12:04:00,1.2316700220108032
12:05:00,1.2316700220108032
12:06:00,1.2316700220108032
12:07:00,1.2316700220108032
12:08:00,1.1196999549865723
12:09:00,1.1196999549865723
12:10:00,1.2316700220108032
12:11:00,1.1196999549865723
12:12:00,1.1196999549865723
12:13:00,1.1196999549865723
12:14:00,1.1196999549865723
12:15:00,1.1196999549865723
12:16:00,1.1196999549865723
12:17:00,1.1196999549865723
12:18:00,1.1196999549865723
12:19:00,2.911220073699951
12:20:00,2.6872799396514893
12:21:00,1.2316700220108032
12:22:00,1.1196999549865723
12:23:00,1.2316700220108032
12:24:00,3.135159969329834
12:25:00,1.4556100368499756
12:26:00,1.4556100368499756
12:27:00,1.2316700220108032
12:28:00,3.359100103378296
12:29:00,3.135159969329834
12:30:00,1.4556100368499756
12:31:00,1.4556100368499756
12:32:00,1.4556100368499756
12:33:00,1.4556100368499756
12:34:00,2.6872799396514893
12:35:00,1.4556100368499756
12:36:00,1.3436399698257446
12:37:00,2.911220073699951
12:38:00,2.6872799396514893
12:39:00,1.2316700220108032
12:40:00,1.2316700220108032
12:41:00,1.2316700220108032
12:42:00,1.2316700220108032
12:43:00,1.2316700220108032
12:44:00,1.1196999549865723
12:45:00,1.2316700220108032
12:46:00,1.2316700220108032
12:47:00,1.1196999549865723
12:48:00,1.1196999549865723
12:49:00,1.1196999549865723
12:50:00,1.1196999549865723
12:51:00,1.1196999549865723
12:52:00,1.2316700220108032
12:53:00,2.6872799396514893
12:54:00,1.2316700220108032
12:55:00,2.911220073699951
12:56:00,3.8069798946380615
12:57:00,3.5830399990081787
12:58:00,3.8069798946380615
12:59:00,1.1196999549865723
13:00:00,1.2316700220108032
13:01:00,1.1196999549865723
13:02:00,1.2316700220108032
13:03:00,1.2316700220108032
13:04:00,1.2316700220108032
13:05:00,1.2316700220108032
13:06:00,1.2316700220108032
13:07:00,1.2316700220108032
13:08:00,1.2316700220108032
13:09:00,1.2316700220108032
13:10:00,1.2316700220108032
13:11:00,1.2316700220108032
13:12:00,1.1196999549865723
13:13:00,1.1196999549865723
13:14:00,1.2316700220108032
13:15:00,1.2316700220108032
13:16:00,1.2316700220108032
13:17:00,1.1196999549865723
13:18:00,2.911220073699951
13:19:00,1.2316700220108032
13:20:00,1.1196999549865723
13:21:00,1.2316700220108032
13:22:00,1.2316700220108032
13:23:00,1.2316700220108032
13:24:00,1.2316700220108032
13:25:00,1.1196999549865723
13:26:00,1.1196999549865723
13:27:00,1.1196999549865723
13:28:00,1.2316700220108032
13:29:00,1.2316700220108032
13:30:00,1.2316700220108032
13:31:00,1.1196999549865723
13:32:00,1.1196999549865723
13:33:00,1.1196999549865723
13:34:00,1.2316700220108032
13:35:00,1.1196999549865723
13:36:00,1.1196999549865723
13:37:00,1.1196999549865723
13:38:00,1.2316700220108032
13:39:00,1.2316700220108032
13:40:00,1.1196999549865723
13:41:00,1.2316700220108032
13:42:00,1.1196999549865723
13:43:00,1.1196999549865723
13:44:00,1.1196999549865723
13:45:00,1.2316700220108032
13:46:00,1.3436399698257446
13:47:00,1.3436399698257446
13:48:00,1.3436399698257446
13:49:00,1.2316700220108032
13:50:00,1.2316700220108032
13:51:00,1.2316700220108032
13:52:00,1.3436399698257446
13:53:00,1.4556100368499756
13:54:00,1.3436399698257446
13:55:00,1.2316700220108032
13:56:00,1.1196999549865723
13:57:00,3.69500994682312
13:58:00,1.4556100368499756
13:59:00,1.3436399698257446
14:00:00,2.911220073699951
14:01:00,1.3436399698257446
14:02:00,1.2316700220108032
14:03:00,1.2316700220108032
14:04:00,1.2316700220108032
14:05:00,1.1196999549865723
14:06:00,2.6872799396514893
14:07:00,1.1196999549865723
14:08:00,3.135159969329834
14:09:00,3.5830399990081787
14:10:00,1.4556100368499756
14:11:00,1.4556100368499756
14:12:00,3.8069798946380615
14:13:00,3.5830399990081787
14:14:00,3.5830399990081787
14:15:00,1.4556100368499756
14:16:00,3.8069798946380615
14:17:00,3.135159969329834
14:18:00,2.911220073699951
14:19:00,1.4556100368499756
14:20:00,1.2316700220108032
14:21:00,1.2316700220108032
14:22:00,1.2316700220108032
14:23:00,1.2316700220108032
14:24:00,1.2316700220108032
14:25:00,1.1196999549865723
14:26:00,1.1196999549865723
14:27:00,1.2316700220108032
14:28:00,1.1196999549865723
14:29:00,1.1196999549865723
14:30:00,1.2316700220108032
14:31:00,1.2316700220108032
14:32:00,2.6872799396514893
14:33:00,1.1196999549865723
14:34:00,1.2316700220108032
14:35:00,3.5830399990081787
14:36:00,2.911220073699951
14:37:00,1.2316700220108032
14:38:00,2.6872799396514893
14:39:00,2.6872799396514893
14:40:00,3.8069798946380615
14:41:00,2.6872799396514893
14:42:00,3.135159969329834
14:43:00,1.4556100368499756
14:44:00,1.2316700220108032
14:45:00,1.2316700220108032
14:46:00,1.2316700220108032
14:47:00,1.1196999549865723
14:48:00,2.6872799396514893
14:49:00,2.6872799396514893
14:50:00,1.2316700220108032
14:51:00,1.1196999549865723
14:52:00,2.911220073699951
14:53:00,2.911220073699951
14:54:00,1.2316700220108032
14:55:00,3.359100103378296
14:56:00,3.359100103378296
14:57:00,2.911220073699951
14:58:00,3.135159969329834
14:59:00,1.3436399698257446
15:00:00,1.1196999549865723
15:01:00,1.2316700220108032
15:02:00,1.1196999549865723
15:03:00,1.1196999549865723
15:04:00,2.6872799396514893
15:05:00,1.1196999549865723
15:06:00,1.1196999549865723
15:07:00,1.1196999549865723
15:08:00,1.1196999549865723
15:09:00,1.1196999549865723
15:10:00,1.2316700220108032
15:11:00,1.1196999549865723
15:12:00,1.1196999549865723
15:13:00,1.1196999549865723
15:14:00,1.1196999549865723
15:15:00,1.1196999549865723
15:16:00,2.6872799396514893
15:17:00,3.135159969329834
15:18:00,2.911220073699951
15:19:00,3.135159969329834
15:20:00,4.254859924316406
15:21:00,4.70274019241333
15:22:00,4.478799819946289
15:23:00,1.1196999549865723
15:24:00,1.2316700220108032
15:25:00,1.1196999549865723
15:26:00,1.1196999549865723
15:27:00,1.1196999549865723
15:28:00,1.1196999549865723
15:29:00,1.1196999549865723
15:30:00,1.2316700220108032
15:31:00,1.1196999549865723
15:32:00,1.1196999549865723
15:33:00,1.2316700220108032
15:34:00,1.2316700220108032
15:35:00,1.1196999549865723
15:36:00,1.1196999549865723
15:37:00,1.2316700220108032
15:38:00,1.1196999549865723
15:39:00,2.6872799396514893
15:40:00,3.5830399990081787
15:41:00,4.254859924316406
15:42:00,4.254859924316406
15:43:00,1.3436399698257446
15:44:00,1.1196999549865723
15:45:00,2.911220073699951
15:46:00,4.254859924316406
15:47:00,5.598499774932861
15:48:00,6.046380043029785
15:49:00,6.494259834289551
15:50:00,6.718200206756592
15:51:00,5.822440147399902
15:52:00,5.822440147399902
15:53:00,5.822440147399902
15:54:00,4.030920028686523
15:55:00,6.718200206756592
15:56:00,6.942140102386475
15:57:00,6.270319938659668
15:58:00,4.926680088043213
15:59:00,5.3745598793029785
16:00:00,6.270319938659668
16:01:00,5.150619983673096
16:02:00,5.598499774932861
16:03:00,5.822440147399902
16:04:00,6.046380043029785
16:05:00,6.494259834289551
16:06:00,4.70274019241333
16:07:00,6.046380043029785
16:08:00,3.8069798946380615
16:09:00,4.926680088043213
16:10:00,6.494259834289551
16:11:00,6.942140102386475
16:12:00,6.718200206756592
16:13:00,7.166079998016357
16:14:00,8.061840057373047
16:15:00,6.718200206756592
16:16:00,3.359100103378296
16:17:00,1.2316700220108032
16:18:00,2.6872799396514893
16:19:00,1.1196999549865723
16:20:00,3.359100103378296
16:21:00,4.030920028686523
16:22:00,1.2316700220108032
16:23:00,1.2316700220108032
16:24:00,1.2316700220108032
16:25:00,1.2316700220108032
16:26:00,1.2316700220108032
16:27:00,1.2316700220108032
16:28:00,1.3436399698257446
16:29:00,1.3436399698257446
16:30:00,1.4556100368499756
16:31:00,1.3436399698257446
16:32:00,1.2316700220108032
16:33:00,1.1196999549865723
16:34:00,1.1196999549865723
16:35:00,1.1196999549865723
16:36:00,1.1196999549865723
16:37:00,1.1196999549865723
16:38:00,1.1196999549865723
16:39:00,1.2316700220108032
16:40:00,1.1196999549865723
16:41:00,1.1196999549865723
16:42:00,1.1196999549865723
16:43:00,1.1196999549865723
16:44:00,1.2316700220108032
16:45:00,1.2316700220108032
16:46:00,1.1196999549865723
16:47:00,1.1196999549865723
16:48:00,1.1196999549865723
16:49:00,1.2316700220108032
16:50:00,1.1196999549865723
16:51:00,1.2316700220108032
16:52:00,2.6872799396514893
16:53:00,1.2316700220108032
16:54:00,1.1196999549865723
16:55:00,1.2316700220108032
16:56:00,1.1196999549865723
16:57:00,1.1196999549865723
16:58:00,1.1196999549865723
16:59:00,1.1196999549865723
17:00:00,1.2316700220108032
17:01:00,1.1196999549865723
17:02:00,1.1196999549865723
17:03:00,1.1196999549865723
17:04:00,1.1196999549865723
17:05:00,1.1196999549865723
17:06:00,1.1196999549865723
17:07:00,1.1196999549865723
17:08:00,1.2316700220108032
17:09:00,1.2316700220108032
17:10:00,1.2316700220108032
17:11:00,1.2316700220108032
17:12:00,1.2316700220108032
17:13:00,1.2316700220108032
17:14:00,1.2316700220108032
17:15:00,1.2316700220108032
17:16:00,1.1196999549865723
17:17:00,1.1196999549865723
17:18:00,1.1196999549865723
17:19:00,1.1196999549865723
17:20:00,1.2316700220108032
17:21:00,1.3436399698257446
17:22:00,1.1196999549865723
17:23:00,1.2316700220108032
17:24:00,1.2316700220108032
17:25:00,1.2316700220108032
17:26:00,1.2316700220108032
17:27:00,1.2316700220108032
17:28:00,1.1196999549865723
17:29:00,1.1196999549865723
17:30:00,1.1196999549865723
17:31:00,1.1196999549865723
17:32:00,1.1196999549865723
17:33:00,1.1196999549865723
17:34:00,1.1196999549865723
17:35:00,1.1196999549865723
17:36:00,1.1196999549865723
17:37:00,1.1196999549865723
17:38:00,1.2316700220108032
17:39:00,1.2316700220108032
17:40:00,1.2316700220108032
17:41:00,3.5830399990081787
17:42:00,4.70274019241333
17:43:00,4.478799819946289
17:44:00,4.030920028686523
17:45:00,3.2471299171447754
17:46:00,4.030920028686523
17:47:00,1.679550051689148
17:48:00,1.4556100368499756
17:49:00,1.4556100368499756
17:50:00,1.4556100368499756
17:51:00,1.2316700220108032
17:52:00,1.3436399698257446
17:53:00,1.4556100368499756
17:54:00,1.4556100368499756
17:55:00,1.2316700220108032
17:56:00,1.4556100368499756
17:57:00,1.4556100368499756
17:58:00,1.2316700220108032
17:59:00,3.135159969329834
18:00:00,2.6872799396514893
18:01:00,2.6872799396514893
18:02:00,1.4556100368499756
18:03:00,3.135159969329834
18:04:00,1.1196999549865723
18:05:00,1.1196999549865723
18:06:00,1.1196999549865723
18:07:00,1.1196999549865723
18:08:00,1.1196999549865723
18:09:00,1.1196999549865723
18:10:00,1.1196999549865723
18:11:00,1.1196999549865723
18:12:00,1.1196999549865723
18:13:00,1.1196999549865723
18:14:00,1.1196999549865723
18:15:00,1.1196999549865723
18:16:00,1.1196999549865723
18:17:00,1.1196999549865723
18:18:00,1.1196999549865723
18:19:00,1.1196999549865723
18:20:00,1.1196999549865723
18:21:00,1.1196999549865723
18:22:00,1.1196999549865723
18:23:00,1.1196999549865723
18:24:00,1.1196999549865723
18:25:00,1.1196999549865723
18:26:00,1.1196999549865723
18:27:00,1.1196999549865723
18:28:00,1.1196999549865723
18:29:00,1.1196999549865723
18:30:00,1.1196999549865723
18:31:00,1.1196999549865723
18:32:00,1.2316700220108032
18:33:00,1.1196999549865723
18:34:00,1.2316700220108032
18:35:00,1.1196999549865723
18:36:00,1.1196999549865723
18:37:00,1.3436399698257446
18:38:00,1.3436399698257446
18:39:00,1.1196999549865723
18:40:00,1.1196999549865723
18:41:00,1.2316700220108032
18:42:00,1.2316700220108032
18:43:00,1.3436399698257446
18:44:00,1.3436399698257446
18:45:00,1.4556100368499756
18:46:00,1.4556100368499756
18:47:00,1.1196999549865723
18:48:00,1.3436399698257446
18:49:00,1.2316700220108032
18:50:00,1.2316700220108032
18:51:00,1.1196999549865723
18:52:00,1.1196999549865723
18:53:00,1.1196999549865723
18:54:00,1.1196999549865723
18:55:00,1.1196999549865723
18:56:00,1.3436399698257446
18:57:00,1.2316700220108032
18:58:00,1.2316700220108032
18:59:00,1.2316700220108032
19:00:00,1.1196999549865723
19:01:00,1.1196999549865723
19:02:00,1.1196999549865723
19:03:00,1.2316700220108032
19:04:00,1.1196999549865723
19:05:00,1.1196999549865723
19:06:00,1.1196999549865723
19:07:00,1.1196999549865723
19:08:00,1.2316700220108032
19:09:00,1.1196999549865723
19:10:00,1.2316700220108032
19:11:00,1.2316700220108032
19:12:00,3.135159969329834
19:13:00,3.8069798946380615
19:14:00,3.359100103378296
19:15:00,3.135159969329834
19:16:00,3.135159969329834
19:17:00,3.135159969329834
19:18:00,3.135159969329834
19:19:00,1.4556100368499756
19:20:00,1.4556100368499756
19:21:00,3.8069798946380615
19:22:00,3.8069798946380615
19:23:00,3.8069798946380615
19:24:00,3.8069798946380615
19:25:00,1.4556100368499756
19:26:00,1.2316700220108032
19:27:00,1.2316700220108032
19:28:00,1.2316700220108032
19:29:00,1.2316700220108032
19:30:00,1.1196999549865723
19:31:00,1.2316700220108032
19:32:00,1.2316700220108032
19:33:00,1.1196999549865723
19:34:00,1.2316700220108032
19:35:00,1.1196999549865723
19:36:00,1.1196999549865723
19:37:00,1.2316700220108032
19:38:00,1.2316700220108032
19:39:00,1.1196999549865723
19:40:00,1.2316700220108032
19:41:00,1.1196999549865723
19:42:00,1.2316700220108032
19:43:00,1.1196999549865723
19:44:00,1.1196999549865723
19:45:00,1.2316700220108032
19:46:00,1.1196999549865723
19:47:00,1.1196999549865723
19:48:00,1.2316700220108032
19:49:00,1.1196999549865723
19:50:00,1.2316700220108032
19:51:00,1.2316700220108032
19:52:00,1.2316700220108032
19:53:00,1.2316700220108032
19:54:00,1.2316700220108032
19:55:00,1.1196999549865723
19:56:00,1.2316700220108032
19:57:00,1.2316700220108032
19:58:00,1.1196999549865723
19:59:00,1.2316700220108032
20:00:00,1.2316700220108032
20:01:00,1.1196999549865723
20:02:00,1.1196999549865723
20:03:00,1.1196999549865723
20:04:00,1.1196999549865723
20:05:00,1.1196999549865723
20:06:00,1.1196999549865723
20:07:00,1.1196999549865723
20:08:00,1.1196999549865723
20:09:00,1.2316700220108032
20:10:00,1.1196999549865723
20:11:00,1.1196999549865723
20:12:00,1.1196999549865723
20:13:00,1.2316700220108032
20:14:00,1.2316700220108032
20:15:00,1.3436399698257446
20:16:00,1.3436399698257446
20:17:00,1.4556100368499756
20:18:00,3.359100103378296
20:19:00,4.254859924316406
20:20:00,1.4556100368499756
20:21:00,1.3436399698257446
20:22:00,1.2316700220108032
20:23:00,1.2316700220108032
20:24:00,1.2316700220108032
20:25:00,1.2316700220108032
20:26:00,1.1196999549865723
20:27:00,1.1196999549865723
20:28:00,1.2316700220108032
20:29:00,1.2316700220108032
20:30:00,1.2316700220108032
20:31:00,1.1196999549865723
20:32:00,1.1196999549865723
20:33:00,1.2316700220108032
20:34:00,1.2316700220108032
20:35:00,1.2316700220108032
20:36:00,1.1196999549865723
20:37:00,1.1196999549865723
20:38:00,1.1196999549865723
20:39:00,1.1196999549865723
20:40:00,1.1196999549865723
20:41:00,4.254859924316406
20:42:00,4.254859924316406
20:43:00,5.822440147399902
20:44:00,6.718200206756592
20:45:00,4.254859924316406
20:46:00,3.8069798946380615
20:47:00,1.4556100368499756
20:48:00,4.70274019241333
20:49:00,5.150619983673096
20:50:00,4.142889976501465
20:51:00,3.918950080871582
20:52:00,3.69500994682312
20:53:00,1.4556100368499756
20:54:00,1.4556100368499756
20:55:00,1.4556100368499756
20:56:00,1.4556100368499756
20:57:00,3.8069798946380615
20:58:00,4.030920028686523
20:59:00,2.911220073699951
21:00:00,1.4556100368499756
21:01:00,1.4556100368499756
21:02:00,1.2316700220108032
21:03:00,3.135159969329834
21:04:00,1.4556100368499756
21:05:00,1.4556100368499756
21:06:00,1.4556100368499756
21:07:00,3.135159969329834
21:08:00,2.6872799396514893
21:09:00,1.4556100368499756
21:10:00,1.2316700220108032
21:11:00,3.135159969329834
21:12:00,1.4556100368499756
21:13:00,1.4556100368499756
21:14:00,3.135159969329834
21:15:00,1.4556100368499756
21:16:00,3.135159969329834
21:17:00,1.4556100368499756
21:18:00,1.4556100368499756
21:19:00,1.4556100368499756
21:20:00,1.4556100368499756
21:21:00,1.4556100368499756
21:22:00,1.4556100368499756
21:23:00,1.4556100368499756
21:24:00,3.135159969329834
21:25:00,3.135159969329834
21:26:00,3.5830399990081787
21:27:00,1.4556100368499756
21:28:00,3.8069798946380615
21:29:00,4.70274019241333
21:30:00,1.679550051689148
21:31:00,1.4556100368499756
21:32:00,1.4556100368499756
21:33:00,1.4556100368499756
21:34:00,3.5830399990081787
21:35:00,1.4556100368499756
21:36:00,1.4556100368499756
21:37:00,4.030920028686523
21:38:00,3.8069798946380615
21:39:00,3.5830399990081787
21:40:00,3.5830399990081787
21:41:00,1.4556100368499756
21:42:00,1.4556100368499756
21:43:00,2.911220073699951
21:44:00,1.4556100368499756
21:45:00,2.911220073699951
21:46:00,1.4556100368499756
21:47:00,1.4556100368499756
21:48:00,3.5830399990081787
21:49:00,4.030920028686523
21:50:00,3.8069798946380615
21:51:00,1.4556100368499756
21:52:00,4.030920028686523
21:53:00,4.254859924316406
21:54:00,1.4556100368499756
21:55:00,1.4556100368499756
21:56:00,3.5830399990081787
21:57:00,2.911220073699951
21:58:00,1.4556100368499756
21:59:00,1.4556100368499756
22:00:00,2.911220073699951
22:01:00,3.5830399990081787
22:02:00,1.4556100368499756
22:03:00,1.4556100368499756
22:04:00,1.4556100368499756
22:05:00,3.359100103378296
22:06:00,1.4556100368499756
22:07:00,3.5830399990081787
22:08:00,1.4556100368499756
22:09:00,1.4556100368499756
22:10:00,3.5830399990081787
22:11:00,1.4556100368499756
22:12:00,1.4556100368499756
22:13:00,1.4556100368499756
22:14:00,3.359100103378296
22:15:00,1.4556100368499756
22:16:00,2.6872799396514893
22:17:00,1.2316700220108032
22:18:00,1.4556100368499756
22:19:00,3.5830399990081787
22:20:00,4.030920028686523
22:21:00,2.911220073699951
22:22:00,1.3436399698257446
22:23:00,1.4556100368499756
22:24:00,3.5830399990081787
22:25:00,4.254859924316406
22:26:00,4.254859924316406
22:27:00,6.494259834289551
22:28:00,6.494259834289551
22:29:00,9.40548038482666
22:30:00,6.718200206756592
22:31:00,4.478799819946289
22:32:00,1.4556100368499756
22:33:00,1.4556100368499756
22:34:00,1.1196999549865723
22:35:00,1.4556100368499756
22:36:00,1.1196999549865723
22:37:00,1.2316700220108032
22:38:00,1.1196999549865723
22:39:00,1.1196999549865723
22:40:00,1.4556100368499756
22:41:00,1.4556100368499756
22:42:00,1.4556100368499756
22:43:00,1.4556100368499756
22:44:00,3.135159969329834
22:45:00,1.3436399698257446
22:46:00,2.911220073699951
22:47:00,4.254859924316406
22:48:00,1.4556100368499756
22:49:00,1.4556100368499756
22:50:00,1.4556100368499756
22:51:00,4.030920028686523
22:52:00,1.3436399698257446
22:53:00,1.1196999549865723
22:54:00,1.1196999549865723
22:55:00,1.1196999549865723
22:56:00,1.1196999549865723
22:57:00,1.1196999549865723
22:58:00,1.1196999549865723
22:59:00,1.1196999549865723
23:00:00,1.1196999549865723
23:01:00,1.1196999549865723
23:02:00,1.1196999549865723
23:03:00,1.1196999549865723
23:04:00,1.1196999549865723
23:05:00,1.3436399698257446
23:06:00,1.1196999549865723
23:07:00,1.1196999549865723
23:08:00,1.3436399698257446
23:09:00,1.3436399698257446
23:10:00,1.3436399698257446
23:11:00,1.2316700220108032
23:12:00,1.1196999549865723
23:13:00,1.1196999549865723
23:14:00,1.2316700220108032
23:15:00,1.1196999549865723
23:16:00,1.1196999549865723
23:17:00,1.1196999549865723
23:18:00,1.1196999549865723
23:19:00,1.1196999549865723
23:20:00,1.1196999549865723
23:21:00,1.1196999549865723
23:22:00,1.1196999549865723
23:23:00,2.911220073699951
23:24:00,1.2316700220108032
23:25:00,1.2316700220108032
23:26:00,1.1196999549865723
23:27:00,1.2316700220108032
23:28:00,1.1196999549865723
23:29:00,1.1196999549865723
23:30:00,1.1196999549865723
23:31:00,1.1196999549865723
23:32:00,1.1196999549865723
23:33:00,1.1196999549865723
23:34:00,1.1196999549865723
23:35:00,1.1196999549865723
23:36:00,1.1196999549865723
23:37:00,1.1196999549865723
23:38:00,1.1196999549865723
23:39:00,1.2316700220108032
23:40:00,1.1196999549865723
23:41:00,1.1196999549865723
23:42:00,1.1196999549865723
23:43:00,1.1196999549865723
23:44:00,1.1196999549865723
23:45:00,1.1196999549865723
23:46:00,1.1196999549865723
23:47:00,1.1196999549865723
23:48:00,1.1196999549865723
23:49:00,1.1196999549865723
23:50:00,1.1196999549865723
23:51:00,1.1196999549865723
23:52:00,1.1196999549865723
23:53:00,1.1196999549865723
23:54:00,1.1196999549865723
23:55:00,1.1196999549865723
23:56:00,1.1196999549865723
23:57:00,1.1196999549865723
23:58:00,1.1196999549865723
23:59:00,1.1196999549865723
